category,category,day_of_week,bin_of_day,count,mean,stdev,sem,cv,var,skew,kurt,p50,p55,p60,p65,p70,p75,p80,p85,p90,p95,p975,p99
ART,,,,2160.000000,0.898611,1.763559,0.037946,1.962539,3.110142,2.088557,3.813444,0.000000,0.000000,0.000000,0.000000,0.000000,1.000000,2.000000,3.000000,4.000000,5.000000,6.000000,7.000000
CAT,,,,2160.000000,1.642593,2.268262,0.048805,1.380904,5.145012,1.470122,1.430530,1.000000,1.000000,1.000000,1.350000,2.000000,3.000000,3.000000,4.000000,5.000000,6.000000,8.000000,9.000000
IVT,,,,2160.000000,5.051389,7.133456,0.153488,1.412177,50.886195,1.342262,0.596645,1.000000,1.000000,2.000000,4.000000,6.000000,8.000000,12.000000,14.000000,17.000000,20.000000,23.000000,26.000000
MYE,,,,2160.000000,0.981944,1.705276,0.036692,1.736631,2.907965,1.966761,3.615153,0.000000,0.000000,0.000000,1.000000,1.000000,1.000000,2.000000,3.000000,4.000000,5.000000,6.000000,7.000000
OTH,,,,2160.000000,0.589815,1.280592,0.027554,2.171176,1.639915,2.560789,6.501160,0.000000,0.000000,0.000000,0.000000,0.000000,0.000000,1.000000,2.000000,2.000000,4.000000,5.000000,6.000000
Total,,,,2160.000000,9.164352,12.056234,0.259409,1.315558,145.352781,1.194980,0.147690,2.000000,3.000000,5.000000,8.000000,12.300000,17.000000,22.000000,25.000000,29.000000,35.000000,38.000000,41.000000
